Algorithm,N_Clusters,Silhouette,Davies-Bouldin,Calinski-Harabasz,ARI,NMI
K-Means,2,0.1737110060973234,2.0754838823766057,691.1699950738491,0.051711698117803274,0.027798118493008804
Hierarchical,2,0.1368581289118906,2.41756556022573,506.98350148187956,0.03255565648541252,0.01518818301973481
GMM,9,0.04012882495250653,3.1414671178778493,165.02222565033406,0.027045052594452453,0.018351916404436664
